zip,lat,lon,state,policy_count,running_sum,running_percentage
32780,28.548877,-80.853421,FL,30,30,3.35
32796,28.625287,-80.845853,FL,19,49,5.47
32909,27.933086,-80.638504,FL,14,63,7.04
32935,28.145549,-80.649969,FL,14,77,8.60
32955,28.28714,-80.723065,FL,14,91,10.17
32927,28.457509,-80.812888,FL,12,103,11.51
33936,26.593573,-81.661922,FL,12,115,12.85
32904,28.0665,-80.678441,FL,11,126,14.08
32905,28.031367,-80.600412,FL,11,137,15.31
32218,30.47548,-81.67602,FL,10,147,16.42
32244,30.220302,-81.747414,FL,10,157,17.54
32250,30.280143,-81.416506,FL,10,167,18.66
32707,28.661468,-81.313989,FL,10,177,19.78
32809,28.463682,-81.394771,FL,10,187,20.89
32092,29.921998,-81.504509,FL,9,196,21.90
32708,28.686894,-81.273258,FL,9,205,22.91
32754,28.699314,-80.895344,FL,9,214,23.91
32907,28.017577,-80.659539,FL,9,223,24.92
33570,27.69913,-82.45263,FL,9,232,25.92
34787,28.484973,-81.619298,FL,9,241,26.93
32046,30.670745,-81.894528,FL,8,249,27.82
32951,28.06835,-80.56033,FL,8,257,28.72
33558,28.165519,-82.511384,FL,8,265,29.61
32569,30.40992,-86.66301,FL,7,272,30.39
32724,29.05725,-81.225582,FL,7,279,31.17
32901,28.079357,-80.623618,FL,7,286,31.96
32908,27.95504,-80.692096,FL,7,293,32.74
32926,28.386561,-80.799662,FL,7,300,33.52
33351,26.17937,-80.274599,FL,7,307,34.30
34240,27.364656,-82.318479,FL,7,314,35.08
32034,30.609692,-81.49172,FL,6,320,35.75
32246,30.293273,-81.50916,FL,6,326,36.42
32311,30.382208,-84.174237,FL,6,332,37.09
32583,30.577638,-86.966835,FL,6,338,37.77
32714,28.662559,-81.411756,FL,6,344,38.44
32824,28.43522,-81.349743,FL,6,350,39.11
33543,28.211232,-82.297428,FL,6,356,39.78
34288,27.05384,-82.111667,FL,6,362,40.45
34639,28.26543,-82.423239,FL,6,368,41.12
34688,28.147125,-82.678972,FL,6,374,41.79
34772,28.172669,-81.26899,FL,6,380,42.46
34786,28.481031,-81.543979,FL,6,386,43.13
32040,30.302616,-82.190828,FL,5,391,43.69
32257,30.191737,-81.603557,FL,5,396,44.25
32259,30.081182,-81.544485,FL,5,401,44.80
32301,30.427753,-84.258472,FL,5,406,45.36
32303,30.515517,-84.341629,FL,5,411,45.92
32765,28.666574,-81.207353,FL,5,416,46.48
32937,28.17612,-80.59005,FL,5,421,47.04
32940,28.216262,-80.697829,FL,5,426,47.60
32950,28.00363,-80.56561,FL,5,431,48.16
32953,28.358119,-80.696838,FL,5,436,48.72
33173,25.701518,-80.357892,FL,5,441,49.27
33308,26.188511,-80.104988,FL,5,446,49.83
33470,26.726784,-80.320037,FL,5,451,50.39
33647,28.127834,-82.350338,FL,5,456,50.95
34112,26.118429,-81.736052,FL,5,461,51.51
34433,29.002221,-82.524892,FL,5,466,52.07
32043,29.998318,-81.76468,FL,4,470,52.51
32097,30.659689,-81.683649,FL,4,474,52.96
32225,30.331905,-81.50091,FL,4,478,53.41
32308,30.47745,-84.226927,FL,4,482,53.85
32312,30.572171,-84.21548,FL,4,486,54.30
32404,30.14697,-85.521142,FL,4,490,54.75
32563,30.396879,-87.028822,FL,4,494,55.20
32771,28.793491,-81.299169,FL,4,498,55.64
32817,28.589077,-81.227652,FL,4,502,56.09
32837,28.390234,-81.433155,FL,4,506,56.54
32922,28.373,-80.742906,FL,4,510,56.98
32952,28.358119,-80.696838,FL,4,514,57.43
33569,27.846419,-82.301249,FL,4,518,57.88
33604,28.014096,-82.449816,FL,4,522,58.32
33637,28.047044,-82.363024,FL,4,526,58.77
33993,26.678619,-82.025384,FL,4,530,59.22
34473,29.005695,-82.18395,FL,4,534,59.66
34684,28.084797,-82.725257,FL,4,538,60.11
34711,28.584025,-81.779423,FL,4,542,60.56
34734,28.538407,-81.520774,FL,4,546,61.01
34746,28.243011,-81.400997,FL,4,550,61.45
32082,30.125226,-81.369578,FL,3,553,61.79
32164,29.486141,-81.204491,FL,3,556,62.12
32207,30.290839,-81.631465,FL,3,559,62.46
32210,30.274539,-81.786671,FL,3,562,62.79
32211,30.347139,-81.581959,FL,3,565,63.13
32217,30.24058,-81.618814,FL,3,568,63.46
32256,30.213733,-81.539129,FL,3,571,63.80
32327,30.165498,-84.430777,FL,3,574,64.13
32526,30.493102,-87.359621,FL,3,577,64.47
32618,29.569316,-82.506445,FL,3,580,64.80
32701,28.666625,-81.365039,FL,3,583,65.14
32703,28.635425,-81.488843,FL,3,586,65.47
32713,28.889107,-81.319985,FL,3,589,65.81
32738,28.905269,-81.185176,FL,3,592,66.15
32792,28.597377,-81.303592,FL,3,595,66.48
32812,28.483996,-81.322855,FL,3,598,66.82
32821,28.385285,-81.472748,FL,3,601,67.15
32825,28.535094,-81.220237,FL,3,604,67.49
32828,28.529582,-81.175502,FL,3,607,67.82
32835,28.52038,-81.483543,FL,3,610,68.16
32934,28.135306,-80.713073,FL,3,613,68.49
33301,26.121323,-80.127909,FL,3,616,68.83
33309,26.186109,-80.179318,FL,3,619,69.16
33426,26.528233,-80.084764,FL,3,622,69.50
33458,26.936558,-80.131851,FL,3,625,69.83
33467,26.596487,-80.175714,FL,3,628,70.17
33511,27.903679,-82.294021,FL,3,631,70.50
33549,28.137944,-82.446252,FL,3,634,70.84
33607,27.966697,-82.556868,FL,3,637,71.17
33619,27.92485,-82.379447,FL,3,640,71.51
33624,28.080256,-82.528248,FL,3,643,71.84
33839,27.97836,-81.75647,FL,3,646,72.18
33913,26.529206,-81.693572,FL,3,649,72.51
33990,26.6265,-81.967657,FL,3,652,72.85
34235,27.363072,-82.478376,FL,3,655,73.18
34638,28.256862,-82.512738,FL,3,658,73.52
34761,28.569438,-81.530251,FL,3,661,73.85
34773,28.146663,-80.993806,FL,3,664,74.19
34953,27.257707,-80.380277,FL,3,667,74.53
31058,32.50181,-84.42103,FL,2,669,74.75
32055,30.270103,-82.62413,FL,2,671,74.97
32084,29.918235,-81.367087,FL,2,673,75.20
32117,29.235588,-81.063969,FL,2,675,75.42
32137,29.564391,-81.201389,FL,2,677,75.64
32174,29.284784,-81.161348,FL,2,679,75.87
32208,30.391988,-81.685569,FL,2,681,76.09
32216,30.277467,-81.582904,FL,2,683,76.31
32223,30.166809,-81.63425,FL,2,685,76.54
32233,30.33441,-81.3987,FL,2,687,76.76
32310,30.385436,-84.512181,FL,2,689,76.98
32331,30.441092,-83.516133,FL,2,691,77.21
32343,30.475365,-84.480288,FL,2,693,77.43
32407,30.200682,-85.813624,FL,2,695,77.65
32433,30.851178,-86.200838,FL,2,697,77.88
32502,30.409367,-87.223506,FL,2,699,78.10
32506,30.391835,-87.348931,FL,2,701,78.32
32514,30.537068,-87.241202,FL,2,703,78.55
32547,30.448726,-86.62545,FL,2,705,78.77
32548,30.42057,-86.628607,FL,2,707,78.99
32566,30.427685,-86.927118,FL,2,709,79.22
32579,30.44575,-86.57912,FL,2,711,79.44
32757,28.773952,-81.643943,FL,2,713,79.66
32784,28.925371,-81.680144,FL,2,715,79.89
32803,28.556479,-81.33664,FL,2,717,80.11
32806,28.51103,-81.357841,FL,2,719,80.34
32808,28.580344,-81.439562,FL,2,721,80.56
32810,28.625101,-81.42769,FL,2,723,80.78
32819,28.452157,-81.46784,FL,2,725,81.01
32903,28.107943,-80.579625,FL,2,727,81.23
32963,27.689785,-80.375726,FL,2,729,81.45
33064,26.278502,-80.1153,FL,2,731,81.68
33131,25.774173,-80.19362,FL,2,733,81.90
33317,26.1126,-80.227875,FL,2,735,82.12
33324,26.125463,-80.264371,FL,2,737,82.35
33408,26.840418,-80.052061,FL,2,739,82.57
33442,26.301407,-80.138516,FL,2,741,82.79
33510,27.955637,-82.296693,FL,2,743,83.02
33541,28.236875,-82.228112,FL,2,745,83.24
33542,28.236744,-82.176294,FL,2,747,83.46
33572,27.77329,-82.40815,FL,2,749,83.69
33576,28.331729,-82.300982,FL,2,751,83.91
33610,27.995997,-82.375733,FL,2,753,84.13
33626,28.066478,-82.611596,FL,2,755,84.36
33710,27.790669,-82.730734,FL,2,757,84.58
33711,27.733448,-82.690035,FL,2,759,84.80
33776,27.850547,-82.826267,FL,2,761,85.03
33811,27.986538,-82.013855,FL,2,763,85.25
33823,28.0653,-81.78869,FL,2,765,85.47
33901,26.621074,-81.878139,FL,2,767,85.70
33905,26.667872,-81.760927,FL,2,769,85.92
34217,27.485915,-82.710221,FL,2,771,86.15
34285,27.09639,-82.433818,FL,2,773,86.37
34607,28.504888,-82.625672,FL,2,775,86.59
34637,28.302024,-82.455707,FL,2,777,86.82
34655,28.216016,-82.67162,FL,2,779,87.04
34758,28.203877,-81.487992,FL,2,781,87.26
34771,28.246439,-81.231589,FL,2,783,87.49
32003,30.132844,-81.686592,FL,1,784,87.60
32063,30.28218,-82.12206,FL,1,785,87.71
32065,30.152238,-81.797016,FL,1,786,87.82
32068,30.078597,-81.847794,FL,1,787,87.93
32073,30.169821,-81.739144,FL,1,788,88.04
32087,30.25218,-82.27289,FL,1,789,88.16
32091,29.928149,-82.179651,FL,1,790,88.27
32096,30.386063,-82.77389,FL,1,791,88.38
32124,29.14192,-81.140241,FL,1,792,88.49
32141,28.933217,-80.900037,FL,1,793,88.60
32162,28.940109,-81.983397,FL,1,794,88.72
32168,28.951931,-81.033705,FL,1,795,88.83
32177,29.690907,-81.708149,FL,1,796,88.94
32209,30.361015,-81.696254,FL,1,797,89.05
32220,30.337236,-81.863176,FL,1,798,89.16
32221,30.259438,-81.848561,FL,1,799,89.27
32226,30.479666,-81.527063,FL,1,800,89.39
32234,30.275711,-81.968614,FL,1,801,89.50
32254,30.340961,-81.734789,FL,1,802,89.61
32258,30.156591,-81.560415,FL,1,803,89.72
32305,30.332299,-84.296361,FL,1,804,89.83
32309,30.594644,-84.041281,FL,1,805,89.94
32317,30.470692,-84.116832,FL,1,806,90.06
32333,30.62381,-84.41463,FL,1,807,90.17
32340,30.527068,-83.388742,FL,1,808,90.28
32408,30.142185,-85.732678,FL,1,809,90.39
32501,30.428781,-87.222516,FL,1,810,90.50
32536,30.763783,-86.591616,FL,1,811,90.61
32712,28.731322,-81.537602,FL,1,812,90.73
32720,29.003431,-81.368585,FL,1,813,90.84
32746,28.7577,-81.350772,FL,1,814,90.95
32750,28.705924,-81.340639,FL,1,815,91.06
32759,28.853312,-80.993118,FL,1,816,91.17
32773,28.754582,-81.26418,FL,1,817,91.28
32781,28.306726,-80.686159,FL,1,818,91.40
32789,28.602327,-81.35874,FL,1,819,91.51
32804,28.575428,-81.395503,FL,1,820,91.62
32826,28.588358,-81.184561,FL,1,821,91.73
32833,28.508779,-81.070334,FL,1,822,91.84
32931,28.325685,-80.623424,FL,1,823,91.96
32962,27.587819,-80.382865,FL,1,824,92.07
33030,25.468722,-80.477557,FL,1,825,92.18
33033,25.485508,-80.418186,FL,1,826,92.29
33067,26.303307,-80.241539,FL,1,827,92.40
33133,25.712601,-80.256995,FL,1,828,92.51
33137,25.774173,-80.19362,FL,1,829,92.63
33156,25.67927,-80.317274,FL,1,830,92.74
33157,25.605106,-80.353665,FL,1,831,92.85
33162,25.92881,-80.178672,FL,1,832,92.96
33180,25.948426,-80.150601,FL,1,833,93.07
33311,26.144303,-80.183868,FL,1,834,93.18
33313,26.148252,-80.20782,FL,1,835,93.30
33314,26.069666,-80.224569,FL,1,836,93.41
33414,26.645659,-80.25144,FL,1,837,93.52
33428,26.348017,-80.218991,FL,1,838,93.63
33435,26.525785,-80.061367,FL,1,839,93.74
33436,26.535402,-80.112447,FL,1,840,93.85
33437,26.511382,-80.148217,FL,1,841,93.97
33446,26.454017,-80.181862,FL,1,842,94.08
33462,26.574736,-80.079405,FL,1,843,94.19
33477,26.920226,-80.076589,FL,1,844,94.30
33483,26.464145,-80.064844,FL,1,845,94.41
33496,26.409333,-80.162567,FL,1,846,94.53
33544,28.254041,-82.366224,FL,1,847,94.64
33545,28.268666,-82.267593,FL,1,848,94.75
33556,28.193901,-82.591764,FL,1,849,94.86
33566,27.977965,-82.095709,FL,1,850,94.97
33579,27.770526,-82.335058,FL,1,851,95.08
33584,27.999687,-82.287957,FL,1,852,95.20
33594,27.940934,-82.242479,FL,1,853,95.31
33612,28.054195,-82.442683,FL,1,854,95.42
33613,28.077403,-82.444209,FL,1,855,95.53
33617,28.030714,-82.386351,FL,1,856,95.64
33618,28.074807,-82.498405,FL,1,857,95.75
33625,28.072671,-82.559501,FL,1,858,95.87
33634,28.002755,-82.545466,FL,1,859,95.98
33702,27.863201,-82.631509,FL,1,860,96.09
33714,27.817335,-82.68324,FL,1,861,96.20
33755,27.978147,-82.781523,FL,1,862,96.31
33777,27.854588,-82.754528,FL,1,863,96.42
33803,28.009359,-81.932662,FL,1,864,96.54
33897,28.284873,-81.688866,FL,1,865,96.65
33914,26.554392,-82.020944,FL,1,866,96.76
33917,26.738607,-81.844783,FL,1,867,96.87
33919,26.556626,-81.901095,FL,1,868,96.98
33954,27.019741,-82.123194,FL,1,869,97.09
33966,26.591636,-81.830726,FL,1,870,97.21
33967,26.471507,-81.812241,FL,1,871,97.32
33971,26.639584,-81.699699,FL,1,872,97.43
33982,26.959685,-81.819036,FL,1,873,97.54
34221,27.577315,-82.516004,FL,1,874,97.65
34232,27.324845,-82.471887,FL,1,875,97.77
34233,27.280031,-82.476631,FL,1,876,97.88
34239,27.310774,-82.520868,FL,1,877,97.99
34243,27.402542,-82.523909,FL,1,878,98.10
34287,27.049618,-82.245371,FL,1,879,98.21
34420,29.053715,-82.038906,FL,1,880,98.32
34652,28.239369,-82.736882,FL,1,881,98.44
34653,28.242508,-82.695536,FL,1,882,98.55
34667,28.382489,-82.64803,FL,1,883,98.66
34669,28.360086,-82.62074,FL,1,884,98.77
34677,28.050324,-82.677379,FL,1,885,98.88
34685,28.109717,-82.692882,FL,1,886,98.99
34695,27.99085,-82.69316,FL,1,887,99.11
34715,28.57444,-81.74619,FL,1,888,99.22
34743,28.329308,-81.355152,FL,1,889,99.33
34747,28.303738,-81.589782,FL,1,890,99.44
34788,28.888724,-81.782704,FL,1,891,99.55
34951,27.532134,-80.418954,FL,1,892,99.66
34952,27.312492,-80.313322,FL,1,893,99.78
34983,27.347284,-80.347722,FL,1,894,99.89
34997,27.108081,-80.230818,FL,1,895,100.00
